<?xml version="1.0" encoding="UTF-8"?>
<project-private xmlns="http://www.netbeans.org/ns/project-private/1">
    <editor-bookmarks xmlns="http://www.netbeans.org/ns/editor-bookmarks/2" lastBookmarkId="0"/>
    <open-files xmlns="http://www.netbeans.org/ns/projectui-open-files/2">
        <group>
            <file>file:/C:/Users/jovan/OneDrive/Documents/NetBeansProjects/ProjectAkhirPraktikum/src/model/DataOrder.java</file>
            <file>file:/C:/Users/jovan/OneDrive/Documents/NetBeansProjects/ProjectAkhirPraktikum/src/model/DataKaryawan.java</file>
            <file>file:/C:/Users/jovan/OneDrive/Documents/NetBeansProjects/ProjectAkhirPraktikum/src/model/DataProduk.java</file>
            <file>file:/C:/Users/jovan/OneDrive/Documents/NetBeansProjects/ProjectAkhirPraktikum/src/DataProdukInterface/DataOrderInterface.java</file>
            <file>file:/C:/Users/jovan/OneDrive/Documents/NetBeansProjects/ProjectAkhirPraktikum/src/login/LoginForm.java</file>
            <file>file:/C:/Users/jovan/OneDrive/Documents/NetBeansProjects/ProjectAkhirPraktikum/src/View/Main.java</file>
            <file>file:/C:/Users/jovan/OneDrive/Documents/NetBeansProjects/ProjectAkhirPraktikum/src/DataProdukDAO/DataKaryawanDAO.java</file>
            <file>file:/C:/Users/jovan/OneDrive/Documents/NetBeansProjects/ProjectAkhirPraktikum/src/View/MainView.java</file>
            <file>file:/C:/Users/jovan/OneDrive/Documents/NetBeansProjects/ProjectAkhirPraktikum/src/model/ModelTabelDataProduk.java</file>
            <file>file:/C:/Users/jovan/OneDrive/Documents/NetBeansProjects/ProjectAkhirPraktikum/src/DataProdukInterface/DataKaryawanInterface.java</file>
            <file>file:/C:/Users/jovan/OneDrive/Documents/NetBeansProjects/ProjectAkhirPraktikum/src/DataProdukDAO/DataOrderDAO.java</file>
            <file>file:/C:/Users/jovan/OneDrive/Documents/NetBeansProjects/ProjectAkhirPraktikum/src/controller/DataOrderController.java</file>
            <file>file:/C:/Users/jovan/OneDrive/Documents/NetBeansProjects/ProjectAkhirPraktikum/src/DataProdukDAO/DataProdukDAO.java</file>
            <file>file:/C:/Users/jovan/OneDrive/Documents/NetBeansProjects/ProjectAkhirPraktikum/src/Koneksi/connector.java</file>
            <file>file:/C:/Users/jovan/OneDrive/Documents/NetBeansProjects/ProjectAkhirPraktikum/src/DataProdukInterface/DataProdukInterface.java</file>
            <file>file:/C:/Users/jovan/OneDrive/Documents/NetBeansProjects/ProjectAkhirPraktikum/src/model/ModelTabelDataOrder.java</file>
            <file>file:/C:/Users/jovan/OneDrive/Documents/NetBeansProjects/ProjectAkhirPraktikum/src/controller/DataProdukController.java</file>
        </group>
    </open-files>
</project-private>
